service,owner,scope,cron_before,cron_proposed,restart_before,restart_proposed,start_before,start_proposed,build_before,build_proposed,root_before,root_proposed,watch_before,watch_proposed,health_before,health_proposed,replicas_before,replicas_proposed,preDeploy_before,preDeploy_proposed
active-share-metrics,investintell-workers,authored,20 9 * * *,20 9 * * *,"[""NEVER"",10]","[""NEVER"",10]",python -m src.run_worker,python -m src.run_worker,"[""NIXPACKS"",null,null]","[""NIXPACKS"",null,null]",null,null,[],[],"[null,null]","[null,null]","{""us-west2"":1}","{""us-west2"":1}",null,null
analytics-refresh-chain,investintell-workers,authored,0 9 * * *,0 9 * * *,"[""NEVER"",10]","[""NEVER"",10]",python -m src.run_worker,python -m src.run_worker,"[""NIXPACKS"",null,null]","[""NIXPACKS"",null,null]",null,null,[],[],"[null,null]","[null,null]","{""us-west2"":1}","{""us-west2"":1}",null,null
benchmark-ingest,investintell-workers,authored,30 5 * * *,30 5 * * *,"[""NEVER"",10]","[""NEVER"",10]",python -m src.run_worker,python -m src.run_worker,"[""NIXPACKS"",null,null]","[""NIXPACKS"",null,null]",null,null,[],[],"[null,null]","[null,null]","{""us-west2"":1}","{""us-west2"":1}",null,null
bond-chain,investintell-workers,authored,0 11 * * *,0 11 * * *,"[""NEVER"",10]","[""NEVER"",10]",python -m src.run_worker,python -m src.run_worker,"[""NIXPACKS"",null,null]","[""NIXPACKS"",null,null]",null,null,[],[],"[null,null]","[null,null]","{""us-west2"":1}","{""us-west2"":1}",null,null
bond-default-events,investintell-workers,authored,null,null,"[""NEVER"",10]","[""NEVER"",10]",python -m src.workers.bond_default_events,python -m src.workers.bond_default_events,"[""DOCKERFILE"",null,""Dockerfile""]","[""DOCKERFILE"",null,""Dockerfile""]",null,null,[],[],"[null,null]","[null,null]","{""us-west2"":1}","{""us-west2"":1}",null,null
bond-live-daily,investintell-workers,authored,0 5 * * *,0 5 * * *,"[""NEVER"",10]","[""NEVER"",10]",python -m src.run_worker,python -m src.run_worker,"[""DOCKERFILE"",null,""docker/bond-live-daily/Dockerfile""]","[""DOCKERFILE"",null,""docker/bond-live-daily/Dockerfile""]",null,null,[],[],"[null,null]","[null,null]","{""us-west2"":1}","{""us-west2"":1}",null,null
certified-rebuild-runner,investintell-workers,authored,null,null,"[""NEVER"",10]","[""NEVER"",10]",python -m scripts.rebuild_ipca_factor_pack,python -m scripts.rebuild_ipca_factor_pack,"[""NIXPACKS"",null,null]","[""NIXPACKS"",null,null]",null,null,[],[],"[null,null]","[null,null]","{""us-west2"":1}","{""us-west2"":1}",null,null
characteristics,investintell-workers,authored,0 5 2 * *,0 5 2 * *,"[""NEVER"",10]","[""NEVER"",10]",python -m src.run_worker,python -m src.run_worker,"[""NIXPACKS"",null,null]","[""NIXPACKS"",null,null]",null,null,[],[],"[null,null]","[null,null]","{""us-west2"":1}","{""us-west2"":1}",null,null
credit-regime,investintell-workers,authored,30 6 * * *,30 6 * * *,"[""NEVER"",10]","[""NEVER"",10]",python -m src.run_worker,python -m src.run_worker,"[""NIXPACKS"",null,null]","[""NIXPACKS"",null,null]",null,null,[],[],"[null,null]","[null,null]","{""us-west2"":1}","{""us-west2"":1}",null,null
eod-prices-warmer,investintell-workers,authored,"10 1,13,21 * * *","10 1,13,21 * * *","[""NEVER"",10]","[""NEVER"",10]",python -m src.run_worker,python -m src.run_worker,"[""NIXPACKS"",null,null]","[""NIXPACKS"",null,null]",null,null,[],[],"[null,null]","[null,null]","{""us-west2"":1}","{""us-west2"":1}",null,null
factor-model,investintell-workers,authored,0 6 2 * *,0 6 2 * *,"[""NEVER"",10]","[""NEVER"",10]",python -m src.run_worker,python -m src.run_worker,"[""NIXPACKS"",null,null]","[""NIXPACKS"",null,null]",null,null,[],[],"[null,null]","[null,null]","{""us-west2"":1}","{""us-west2"":1}",null,null
fund-factors,investintell-workers,authored,30 6 2 * *,30 6 2 * *,"[""NEVER"",10]","[""NEVER"",10]",python -m src.run_worker,python -m src.run_worker,"[""NIXPACKS"",null,null]","[""NIXPACKS"",null,null]",null,null,[],[],"[null,null]","[null,null]","{""us-west2"":1}","{""us-west2"":1}",null,null
fund-institutional-reveal,investintell-workers,authored,0 0 29 2 *,0 0 29 2 *,"[""NEVER"",10]","[""NEVER"",10]",python -m src.run_worker,python -m src.run_worker,"[""NIXPACKS"",null,null]","[""NIXPACKS"",null,null]",null,null,[],[],"[null,null]","[null,null]","{""us-west2"":1}","{""us-west2"":1}",null,null
fund-peer-groups,investintell-workers,authored,"0 7 15 2,5,8,11 *","0 7 15 2,5,8,11 *","[""NEVER"",10]","[""NEVER"",10]",python -m src.run_worker,python -m src.run_worker,"[""NIXPACKS"",null,null]","[""NIXPACKS"",null,null]",null,null,[],[],"[null,null]","[null,null]","{""us-west2"":1}","{""us-west2"":1}",null,null
instrument-ingestion,investintell-workers,authored,null,null,"[""NEVER"",10]","[""NEVER"",10]",python -m src.run_worker,python -m src.run_worker,"[""NIXPACKS"",null,null]","[""NIXPACKS"",null,null]",null,null,[],[],"[null,null]","[null,null]","{""us-west2"":1}","{""us-west2"":1}",null,null
livefeed,investintell-workers,authored,null,null,"[""ALWAYS"",10]","[""ALWAYS"",10]",python -m src.workers.livefeed,python -m src.workers.livefeed,"[""NIXPACKS"",null,null]","[""NIXPACKS"",null,null]",null,null,[],[],"[""/health"",120]","[""/health"",120]","{""us-west2"":1}","{""us-west2"":1}",null,null
macro-ingestion,investintell-workers,authored,0 5 * * *,0 5 * * *,"[""NEVER"",10]","[""NEVER"",10]",python -m src.run_worker,python -m src.run_worker,"[""NIXPACKS"",null,null]","[""NIXPACKS"",null,null]",null,null,[],[],"[null,null]","[null,null]","{""us-west2"":1}","{""us-west2"":1}",null,null
macro-vintage,investintell-workers,authored,15 6 * * *,15 6 * * *,"[""NEVER"",10]","[""NEVER"",10]",python -m src.run_worker,python -m src.run_worker,"[""NIXPACKS"",null,null]","[""NIXPACKS"",null,null]",null,null,[],[],"[null,null]","[null,null]","{""us-west2"":1}","{""us-west2"":1}",null,null
maintenance-runner,investintell-workers,authored,0 0 29 2 *,0 0 29 2 *,"[""NEVER"",10]","[""NEVER"",10]",python -m src.run_worker,python -m src.run_worker,"[""NIXPACKS"",null,null]","[""NIXPACKS"",null,null]",null,null,[],[],"[null,null]","[null,null]","{""us-west2"":1}","{""us-west2"":1}",[],[]
matview-refresh,investintell-workers,authored,30 10 * * *,30 10 * * *,"[""NEVER"",10]","[""NEVER"",10]",python -m src.run_worker,python -m src.run_worker,"[""NIXPACKS"",null,null]","[""NIXPACKS"",null,null]",null,null,[],[],"[null,null]","[null,null]","{""us-west2"":1}","{""us-west2"":1}",null,null
mixed-quant-publication,investintell-workers,authored,0 3 2 * *,0 3 2 * *,"[""NEVER"",10]","[""NEVER"",10]",python -m src.run_worker,python -m src.run_worker,"[""NIXPACKS"",null,null]","[""NIXPACKS"",null,null]",null,null,[],[],"[null,null]","[null,null]","{""us-west2"":1}","{""us-west2"":1}",null,null
momentum-metrics,investintell-workers,authored,0 0 29 2 *,0 0 29 2 *,"[""NEVER"",10]","[""NEVER"",10]",python -m src.run_worker,python -m src.run_worker,"[""NIXPACKS"",null,null]","[""NIXPACKS"",null,null]",null,null,[],[],"[null,null]","[null,null]","{""us-west2"":1}","{""us-west2"":1}",null,null
nav-current-daily-chain,investintell-workers,authored,30 7 * * 2-6,30 7 * * 2-6,"[""NEVER"",10]","[""NEVER"",10]",null,null,"[""RAILPACK"",null,null]","[""RAILPACK"",null,null]",null,null,[],[],"[null,null]","[null,null]","{""us-west2"":1}","{""us-west2"":1}",null,null
nport-cusip-enrichment,investintell-workers,authored,0 3 * * *,0 3 * * *,"[""NEVER"",10]","[""NEVER"",10]",python -m src.run_worker,python -m src.run_worker,"[""NIXPACKS"",null,null]","[""NIXPACKS"",null,null]",null,null,[],[],"[null,null]","[null,null]","{""us-west2"":1}","{""us-west2"":1}",null,null
nport-fixed-income,investintell-workers,authored,null,null,"[""NEVER"",10]","[""NEVER"",10]",python -m src.run_worker,python -m src.run_worker,"[""NIXPACKS"",null,null]","[""NIXPACKS"",null,null]",null,null,[],[],"[null,null]","[null,null]","{""us-west2"":1}","{""us-west2"":1}",null,null
nport-fixed-income-secapi-fallback,investintell-workers,authored,null,null,"[""NEVER"",10]","[""NEVER"",10]",python -m src.run_worker,python -m src.run_worker,"[""NIXPACKS"",null,null]","[""NIXPACKS"",null,null]",null,null,[],[],"[null,null]","[null,null]","{""us-west2"":1}","{""us-west2"":1}",null,null
nport-history-1,investintell-workers,authored,null,null,"[""NEVER"",10]","[""NEVER"",10]",python -m src.run_worker,python -m src.run_worker,"[""NIXPACKS"",null,null]","[""NIXPACKS"",null,null]",null,null,[],[],"[null,null]","[null,null]","{""us-west2"":1}","{""us-west2"":1}",null,null
nport-history-2,investintell-workers,authored,null,null,"[""NEVER"",10]","[""NEVER"",10]",python -m src.run_worker,python -m src.run_worker,"[""NIXPACKS"",null,null]","[""NIXPACKS"",null,null]",null,null,[],[],"[null,null]","[null,null]","{""us-west2"":1}","{""us-west2"":1}",null,null
nport-lookthrough,investintell-workers,authored,0 6 * * *,0 6 * * *,"[""NEVER"",10]","[""NEVER"",10]",python -m src.run_worker,python -m src.run_worker,"[""NIXPACKS"",null,null]","[""NIXPACKS"",null,null]",null,null,[],[],"[null,null]","[null,null]","{""us-west2"":1}","{""us-west2"":1}",null,null
nport-v2-publication-chain,investintell-workers,authored,0 0 29 2 *,0 0 29 2 *,"[""NEVER"",10]","[""NEVER"",10]",python -m src.run_worker,python -m src.run_worker,"[""NIXPACKS"",null,null]","[""NIXPACKS"",null,null]",null,null,[],[],"[null,null]","[null,null]","{""us-west2"":1}","{""us-west2"":1}",null,null
open-macro-v03-chain,investintell-workers,authored,45 7 * * *,45 7 * * *,"[""NEVER"",10]","[""NEVER"",10]",python -m src.run_worker,python -m src.run_worker,"[""NIXPACKS"",null,null]","[""NIXPACKS"",null,null]",null,null,[],[],"[null,null]","[null,null]","{""us-west2"":1}","{""us-west2"":1}",null,null
open-macro-v04-pit-evidence,investintell-workers,authored,15 10 * * *,15 10 * * *,"[""NEVER"",10]","[""NEVER"",10]",python -m src.run_worker,python -m src.run_worker,"[""NIXPACKS"",null,null]","[""NIXPACKS"",null,null]",null,null,[],[],"[null,null]","[null,null]","{""us-west2"":1}","{""us-west2"":1}",null,null
open-macro-v04-worker,investintell-workers,authored,45 8 * * *,45 8 * * *,"[""NEVER"",10]","[""NEVER"",10]",python -m src.run_worker,python -m src.run_worker,"[""NIXPACKS"",null,null]","[""NIXPACKS"",null,null]",null,null,[],[],"[null,null]","[null,null]","{""us-west2"":1}","{""us-west2"":1}",null,null
regime-composite,investintell-workers,authored,0 7 * * *,0 7 * * *,"[""NEVER"",10]","[""NEVER"",10]",python -m src.run_worker,python -m src.run_worker,"[""NIXPACKS"",null,null]","[""NIXPACKS"",null,null]",null,null,[],[],"[null,null]","[null,null]","{""us-west2"":1}","{""us-west2"":1}",null,null
regime-gate,investintell-workers,authored,50 6 * * *,50 6 * * *,"[""NEVER"",10]","[""NEVER"",10]",python -m src.run_worker,python -m src.run_worker,"[""NIXPACKS"",null,null]","[""NIXPACKS"",null,null]",null,null,[],[],"[null,null]","[null,null]","{""us-west2"":1}","{""us-west2"":1}",null,null
risk-metrics,investintell-workers,authored,0 0 29 2 *,0 0 29 2 *,"[""NEVER"",10]","[""NEVER"",10]",python -m src.run_worker,python -m src.run_worker,"[""NIXPACKS"",null,null]","[""NIXPACKS"",null,null]",null,null,[],[],"[null,null]","[null,null]","{""us-west2"":1}","{""us-west2"":1}",null,null
screener-metrics,investintell-workers,authored,0 10 * * *,0 10 * * *,"[""NEVER"",10]","[""NEVER"",10]",python -m src.run_worker,python -m src.run_worker,"[""NIXPACKS"",null,null]","[""NIXPACKS"",null,null]",null,null,[],[],"[null,null]","[null,null]","{""us-west2"":1}","{""us-west2"":1}",null,null
sec-13f-publication-chain,investintell-workers,authored,0 8 * * *,0 8 * * *,"[""NEVER"",10]","[""NEVER"",10]",python -m src.run_worker,python -m src.run_worker,"[""NIXPACKS"",null,null]","[""NIXPACKS"",null,null]",null,null,[],[],"[null,null]","[null,null]","{""us-west2"":1}","{""us-west2"":1}",null,null
sec-company-tickers-mf,investintell-workers,authored,30 3 * * *,30 3 * * *,"[""NEVER"",10]","[""NEVER"",10]",python -m src.run_worker,python -m src.run_worker,"[""NIXPACKS"",null,null]","[""NIXPACKS"",null,null]",null,null,[],[],"[null,null]","[null,null]","{""us-west2"":1}","{""us-west2"":1}",null,null
semantic-indexer,investintell-workers,authored,null,null,"[""NEVER"",10]","[""NEVER"",10]",python -m src.run_worker,python -m src.run_worker,"[""NIXPACKS"",null,null]","[""NIXPACKS"",null,null]",null,null,[],[],"[null,null]","[null,null]","{""us-west2"":1}","{""us-west2"":1}",null,null
stock-daily-returns,investintell-workers,authored,20 6 * * *,20 6 * * *,"[""NEVER"",10]","[""NEVER"",10]",python -m src.run_worker,python -m src.run_worker,"[""NIXPACKS"",null,null]","[""NIXPACKS"",null,null]",null,null,[],[],"[null,null]","[null,null]","{""us-west2"":1}","{""us-west2"":1}",null,null
stock-fundamentals-statements,investintell-workers,authored,0 7 * * *,0 7 * * *,"[""NEVER"",10]","[""NEVER"",10]",python -m src.run_worker,python -m src.run_worker,"[""NIXPACKS"",null,null]","[""NIXPACKS"",null,null]",null,null,[],[],"[null,null]","[null,null]","{""us-west2"":1}","{""us-west2"":1}",null,null
tiingo-fund-meta,investintell-workers,authored,null,null,"[""NEVER"",10]","[""NEVER"",10]",python -m src.run_worker,python -m src.run_worker,"[""NIXPACKS"",null,null]","[""NIXPACKS"",null,null]",null,null,[],[],"[null,null]","[null,null]","{""us-west2"":1}","{""us-west2"":1}",null,null
treasury-ingestion,investintell-workers,authored,5 5 * * *,5 5 * * *,"[""NEVER"",10]","[""NEVER"",10]",python -m src.run_worker,python -m src.run_worker,"[""NIXPACKS"",null,null]","[""NIXPACKS"",null,null]",null,null,[],[],"[null,null]","[null,null]","{""us-west2"":1}","{""us-west2"":1}",null,null
